{
  "ABIRoot": {
    "kind": "Root",
    "name": "IdentiFi",
    "printedName": "IdentiFi",
    "children": [
      {
        "kind": "Import",
        "name": "Foundation",
        "printedName": "Foundation",
        "declKind": "Import",
        "moduleName": "IdentiFi",
        "declAttributes": [
          "RawDocComment"
        ]
      },
      {
        "kind": "Import",
        "name": "Foundation",
        "printedName": "Foundation",
        "declKind": "Import",
        "moduleName": "IdentiFi"
      },
      {
        "kind": "Import",
        "name": "UIKit",
        "printedName": "UIKit",
        "declKind": "Import",
        "moduleName": "IdentiFi"
      },
      {
        "kind": "Import",
        "name": "SwiftUI",
        "printedName": "SwiftUI",
        "declKind": "Import",
        "moduleName": "IdentiFi"
      },
      {
        "kind": "Import",
        "name": "DeveloperToolsSupport",
        "printedName": "DeveloperToolsSupport",
        "declKind": "Import",
        "moduleName": "IdentiFi"
      },
      {
        "kind": "TypeDecl",
        "name": "ColorResource",
        "printedName": "ColorResource",
        "children": [
          {
            "kind": "Var",
            "name": "name",
            "printedName": "name",
            "children": [
              {
                "kind": "TypeNominal",
                "name": "String",
                "printedName": "Swift.String",
                "usr": "s:SS"
              }
            ],
            "declKind": "Var",
            "usr": "s:8IdentiFi13ColorResourceV4name33_57C296C5E311977891CEB83AAE4994CFLLSSvp",
            "mangledName": "$s8IdentiFi13ColorResourceV4name33_57C296C5E311977891CEB83AAE4994CFLLSSvp",
            "moduleName": "IdentiFi",
            "isInternal": true,
            "declAttributes": [
              "HasStorage",
              "AccessControl",
              "RawDocComment"
            ],
            "fixedbinaryorder": 0,
            "isLet": true,
            "hasStorage": true
          },
          {
            "kind": "Var",
            "name": "bundle",
            "printedName": "bundle",
            "children": [
              {
                "kind": "TypeNominal",
                "name": "Bundle",
                "printedName": "Foundation.Bundle",
                "usr": "c:objc(cs)NSBundle"
              }
            ],
            "declKind": "Var",
            "usr": "s:8IdentiFi13ColorResourceV6bundle33_57C296C5E311977891CEB83AAE4994CFLLSo8NSBundleCvp",
            "mangledName": "$s8IdentiFi13ColorResourceV6bundle33_57C296C5E311977891CEB83AAE4994CFLLSo8NSBundleCvp",
            "moduleName": "IdentiFi",
            "isInternal": true,
            "declAttributes": [
              "HasStorage",
              "AccessControl",
              "RawDocComment"
            ],
            "fixedbinaryorder": 1,
            "isLet": true,
            "hasStorage": true
          },
          {
            "kind": "Constructor",
            "name": "init",
            "printedName": "init(name:bundle:)",
            "children": [
              {
                "kind": "TypeNominal",
                "name": "ColorResource",
                "printedName": "IdentiFi.ColorResource",
                "usr": "s:8IdentiFi13ColorResourceV"
              },
              {
                "kind": "TypeNominal",
                "name": "String",
                "printedName": "Swift.String",
                "usr": "s:SS"
              },
              {
                "kind": "TypeNominal",
                "name": "Bundle",
                "printedName": "Foundation.Bundle",
                "usr": "c:objc(cs)NSBundle"
              }
            ],
            "declKind": "Constructor",
            "usr": "s:8IdentiFi13ColorResourceV4name6bundleACSS_So8NSBundleCtcfc",
            "mangledName": "$s8IdentiFi13ColorResourceV4name6bundleACSS_So8NSBundleCtcfc",
            "moduleName": "IdentiFi",
            "declAttributes": [
              "RawDocComment"
            ],
            "init_kind": "Designated"
          },
          {
            "kind": "Var",
            "name": "hashValue",
            "printedName": "hashValue",
            "children": [
              {
                "kind": "TypeNominal",
                "name": "Int",
                "printedName": "Swift.Int",
                "usr": "s:Si"
              }
            ],
            "declKind": "Var",
            "usr": "s:8IdentiFi13ColorResourceV9hashValueSivp",
            "mangledName": "$s8IdentiFi13ColorResourceV9hashValueSivp",
            "moduleName": "IdentiFi",
            "implicit": true,
            "accessors": [
              {
                "kind": "Accessor",
                "name": "Get",
                "printedName": "Get()",
                "children": [
                  {
                    "kind": "TypeNominal",
                    "name": "Int",
                    "printedName": "Swift.Int",
                    "usr": "s:Si"
                  }
                ],
                "declKind": "Accessor",
                "usr": "s:8IdentiFi13ColorResourceV9hashValueSivg",
                "mangledName": "$s8IdentiFi13ColorResourceV9hashValueSivg",
                "moduleName": "IdentiFi",
                "implicit": true,
                "accessorKind": "get"
              }
            ]
          },
          {
            "kind": "Function",
            "name": "hash",
            "printedName": "hash(into:)",
            "children": [
              {
                "kind": "TypeNominal",
                "name": "Void",
                "printedName": "()"
              },
              {
                "kind": "TypeNominal",
                "name": "Hasher",
                "printedName": "Swift.Hasher",
                "paramValueOwnership": "InOut",
                "usr": "s:s6HasherV"
              }
            ],
            "declKind": "Func",
            "usr": "s:8IdentiFi13ColorResourceV4hash4intoys6HasherVz_tF",
            "mangledName": "$s8IdentiFi13ColorResourceV4hash4intoys6HasherVz_tF",
            "moduleName": "IdentiFi",
            "implicit": true,
            "funcSelfKind": "NonMutating"
          },
          {
            "kind": "Function",
            "name": "==",
            "printedName": "==(_:_:)",
            "children": [
              {
                "kind": "TypeNominal",
                "name": "Bool",
                "printedName": "Swift.Bool",
                "usr": "s:Sb"
              },
              {
                "kind": "TypeNominal",
                "name": "ColorResource",
                "printedName": "IdentiFi.ColorResource",
                "usr": "s:8IdentiFi13ColorResourceV"
              },
              {
                "kind": "TypeNominal",
                "name": "ColorResource",
                "printedName": "IdentiFi.ColorResource",
                "usr": "s:8IdentiFi13ColorResourceV"
              }
            ],
            "declKind": "Func",
            "usr": "s:8IdentiFi13ColorResourceV2eeoiySbAC_ACtFZ",
            "mangledName": "$s8IdentiFi13ColorResourceV2eeoiySbAC_ACtFZ",
            "moduleName": "IdentiFi",
            "static": true,
            "implicit": true,
            "funcSelfKind": "NonMutating"
          }
        ],
        "declKind": "Struct",
        "usr": "s:8IdentiFi13ColorResourceV",
        "mangledName": "$s8IdentiFi13ColorResourceV",
        "moduleName": "IdentiFi",
        "declAttributes": [
          "RawDocComment"
        ],
        "conformances": [
          {
            "kind": "Conformance",
            "name": "Copyable",
            "printedName": "Copyable",
            "usr": "s:s8CopyableP",
            "mangledName": "$ss8CopyableP"
          },
          {
            "kind": "Conformance",
            "name": "Escapable",
            "printedName": "Escapable",
            "usr": "s:s9EscapableP",
            "mangledName": "$ss9EscapableP"
          },
          {
            "kind": "Conformance",
            "name": "Hashable",
            "printedName": "Hashable",
            "usr": "s:SH",
            "mangledName": "$sSH"
          },
          {
            "kind": "Conformance",
            "name": "Sendable",
            "printedName": "Sendable",
            "usr": "s:s8SendableP",
            "mangledName": "$ss8SendableP"
          },
          {
            "kind": "Conformance",
            "name": "Equatable",
            "printedName": "Equatable",
            "usr": "s:SQ",
            "mangledName": "$sSQ"
          }
        ]
      },
      {
        "kind": "TypeDecl",
        "name": "ImageResource",
        "printedName": "ImageResource",
        "children": [
          {
            "kind": "Var",
            "name": "name",
            "printedName": "name",
            "children": [
              {
                "kind": "TypeNominal",
                "name": "String",
                "printedName": "Swift.String",
                "usr": "s:SS"
              }
            ],
            "declKind": "Var",
            "usr": "s:8IdentiFi13ImageResourceV4name33_57C296C5E311977891CEB83AAE4994CFLLSSvp",
            "mangledName": "$s8IdentiFi13ImageResourceV4name33_57C296C5E311977891CEB83AAE4994CFLLSSvp",
            "moduleName": "IdentiFi",
            "isInternal": true,
            "declAttributes": [
              "HasStorage",
              "AccessControl",
              "RawDocComment"
            ],
            "fixedbinaryorder": 0,
            "isLet": true,
            "hasStorage": true
          },
          {
            "kind": "Var",
            "name": "bundle",
            "printedName": "bundle",
            "children": [
              {
                "kind": "TypeNominal",
                "name": "Bundle",
                "printedName": "Foundation.Bundle",
                "usr": "c:objc(cs)NSBundle"
              }
            ],
            "declKind": "Var",
            "usr": "s:8IdentiFi13ImageResourceV6bundle33_57C296C5E311977891CEB83AAE4994CFLLSo8NSBundleCvp",
            "mangledName": "$s8IdentiFi13ImageResourceV6bundle33_57C296C5E311977891CEB83AAE4994CFLLSo8NSBundleCvp",
            "moduleName": "IdentiFi",
            "isInternal": true,
            "declAttributes": [
              "HasStorage",
              "AccessControl",
              "RawDocComment"
            ],
            "fixedbinaryorder": 1,
            "isLet": true,
            "hasStorage": true
          },
          {
            "kind": "Constructor",
            "name": "init",
            "printedName": "init(name:bundle:)",
            "children": [
              {
                "kind": "TypeNominal",
                "name": "ImageResource",
                "printedName": "IdentiFi.ImageResource",
                "usr": "s:8IdentiFi13ImageResourceV"
              },
              {
                "kind": "TypeNominal",
                "name": "String",
                "printedName": "Swift.String",
                "usr": "s:SS"
              },
              {
                "kind": "TypeNominal",
                "name": "Bundle",
                "printedName": "Foundation.Bundle",
                "usr": "c:objc(cs)NSBundle"
              }
            ],
            "declKind": "Constructor",
            "usr": "s:8IdentiFi13ImageResourceV4name6bundleACSS_So8NSBundleCtcfc",
            "mangledName": "$s8IdentiFi13ImageResourceV4name6bundleACSS_So8NSBundleCtcfc",
            "moduleName": "IdentiFi",
            "declAttributes": [
              "RawDocComment"
            ],
            "init_kind": "Designated"
          },
          {
            "kind": "Var",
            "name": "hashValue",
            "printedName": "hashValue",
            "children": [
              {
                "kind": "TypeNominal",
                "name": "Int",
                "printedName": "Swift.Int",
                "usr": "s:Si"
              }
            ],
            "declKind": "Var",
            "usr": "s:8IdentiFi13ImageResourceV9hashValueSivp",
            "mangledName": "$s8IdentiFi13ImageResourceV9hashValueSivp",
            "moduleName": "IdentiFi",
            "implicit": true,
            "accessors": [
              {
                "kind": "Accessor",
                "name": "Get",
                "printedName": "Get()",
                "children": [
                  {
                    "kind": "TypeNominal",
                    "name": "Int",
                    "printedName": "Swift.Int",
                    "usr": "s:Si"
                  }
                ],
                "declKind": "Accessor",
                "usr": "s:8IdentiFi13ImageResourceV9hashValueSivg",
                "mangledName": "$s8IdentiFi13ImageResourceV9hashValueSivg",
                "moduleName": "IdentiFi",
                "implicit": true,
                "accessorKind": "get"
              }
            ]
          },
          {
            "kind": "Function",
            "name": "hash",
            "printedName": "hash(into:)",
            "children": [
              {
                "kind": "TypeNominal",
                "name": "Void",
                "printedName": "()"
              },
              {
                "kind": "TypeNominal",
                "name": "Hasher",
                "printedName": "Swift.Hasher",
                "paramValueOwnership": "InOut",
                "usr": "s:s6HasherV"
              }
            ],
            "declKind": "Func",
            "usr": "s:8IdentiFi13ImageResourceV4hash4intoys6HasherVz_tF",
            "mangledName": "$s8IdentiFi13ImageResourceV4hash4intoys6HasherVz_tF",
            "moduleName": "IdentiFi",
            "implicit": true,
            "funcSelfKind": "NonMutating"
          },
          {
            "kind": "Function",
            "name": "==",
            "printedName": "==(_:_:)",
            "children": [
              {
                "kind": "TypeNominal",
                "name": "Bool",
                "printedName": "Swift.Bool",
                "usr": "s:Sb"
              },
              {
                "kind": "TypeNominal",
                "name": "ImageResource",
                "printedName": "IdentiFi.ImageResource",
                "usr": "s:8IdentiFi13ImageResourceV"
              },
              {
                "kind": "TypeNominal",
                "name": "ImageResource",
                "printedName": "IdentiFi.ImageResource",
                "usr": "s:8IdentiFi13ImageResourceV"
              }
            ],
            "declKind": "Func",
            "usr": "s:8IdentiFi13ImageResourceV2eeoiySbAC_ACtFZ",
            "mangledName": "$s8IdentiFi13ImageResourceV2eeoiySbAC_ACtFZ",
            "moduleName": "IdentiFi",
            "static": true,
            "implicit": true,
            "funcSelfKind": "NonMutating"
          }
        ],
        "declKind": "Struct",
        "usr": "s:8IdentiFi13ImageResourceV",
        "mangledName": "$s8IdentiFi13ImageResourceV",
        "moduleName": "IdentiFi",
        "declAttributes": [
          "RawDocComment"
        ],
        "conformances": [
          {
            "kind": "Conformance",
            "name": "Copyable",
            "printedName": "Copyable",
            "usr": "s:s8CopyableP",
            "mangledName": "$ss8CopyableP"
          },
          {
            "kind": "Conformance",
            "name": "Escapable",
            "printedName": "Escapable",
            "usr": "s:s9EscapableP",
            "mangledName": "$ss9EscapableP"
          },
          {
            "kind": "Conformance",
            "name": "Hashable",
            "printedName": "Hashable",
            "usr": "s:SH",
            "mangledName": "$sSH"
          },
          {
            "kind": "Conformance",
            "name": "Sendable",
            "printedName": "Sendable",
            "usr": "s:s8SendableP",
            "mangledName": "$ss8SendableP"
          },
          {
            "kind": "Conformance",
            "name": "Equatable",
            "printedName": "Equatable",
            "usr": "s:SQ",
            "mangledName": "$sSQ"
          }
        ]
      },
      {
        "kind": "TypeDecl",
        "name": "UIColor",
        "printedName": "UIColor",
        "children": [
          {
            "kind": "Constructor",
            "name": "init",
            "printedName": "init(resource:)",
            "children": [
              {
                "kind": "TypeNominal",
                "name": "UIColor",
                "printedName": "UIKit.UIColor",
                "usr": "c:objc(cs)UIColor"
              },
              {
                "kind": "TypeNominal",
                "name": "ColorResource",
                "printedName": "IdentiFi.ColorResource",
                "usr": "s:8IdentiFi13ColorResourceV"
              }
            ],
            "declKind": "Constructor",
            "usr": "s:So7UIColorC8IdentiFiE8resourceAbC13ColorResourceV_tcfc",
            "mangledName": "$sSo7UIColorC8IdentiFiE8resourceAbC13ColorResourceV_tcfc",
            "moduleName": "IdentiFi",
            "declAttributes": [
              "Convenience",
              "RawDocComment"
            ],
            "isFromExtension": true,
            "init_kind": "Convenience"
          }
        ],
        "declKind": "Class",
        "usr": "c:objc(cs)UIColor",
        "moduleName": "UIKit",
        "isOpen": true,
        "intro_iOS": "2.0",
        "objc_name": "UIColor",
        "declAttributes": [
          "Available",
          "ObjC",
          "SynthesizedProtocol",
          "NonSendable",
          "Sendable",
          "Dynamic"
        ],
        "superclassUsr": "c:objc(cs)NSObject",
        "isExternal": true,
        "inheritsConvenienceInitializers": true,
        "superclassNames": [
          "ObjectiveC.NSObject"
        ],
        "conformances": [
          {
            "kind": "Conformance",
            "name": "Sendable",
            "printedName": "Sendable",
            "usr": "s:s8SendableP",
            "mangledName": "$ss8SendableP"
          },
          {
            "kind": "Conformance",
            "name": "Copyable",
            "printedName": "Copyable",
            "usr": "s:s8CopyableP",
            "mangledName": "$ss8CopyableP"
          },
          {
            "kind": "Conformance",
            "name": "Escapable",
            "printedName": "Escapable",
            "usr": "s:s9EscapableP",
            "mangledName": "$ss9EscapableP"
          },
          {
            "kind": "Conformance",
            "name": "Equatable",
            "printedName": "Equatable",
            "usr": "s:SQ",
            "mangledName": "$sSQ"
          },
          {
            "kind": "Conformance",
            "name": "Hashable",
            "printedName": "Hashable",
            "usr": "s:SH",
            "mangledName": "$sSH"
          },
          {
            "kind": "Conformance",
            "name": "CVarArg",
            "printedName": "CVarArg",
            "usr": "s:s7CVarArgP",
            "mangledName": "$ss7CVarArgP"
          },
          {
            "kind": "Conformance",
            "name": "_KeyValueCodingAndObservingPublishing",
            "printedName": "_KeyValueCodingAndObservingPublishing",
            "usr": "s:10Foundation37_KeyValueCodingAndObservingPublishingP",
            "mangledName": "$s10Foundation37_KeyValueCodingAndObservingPublishingP"
          },
          {
            "kind": "Conformance",
            "name": "_KeyValueCodingAndObserving",
            "printedName": "_KeyValueCodingAndObserving",
            "usr": "s:10Foundation27_KeyValueCodingAndObservingP",
            "mangledName": "$s10Foundation27_KeyValueCodingAndObservingP"
          },
          {
            "kind": "Conformance",
            "name": "CustomStringConvertible",
            "printedName": "CustomStringConvertible",
            "usr": "s:s23CustomStringConvertibleP",
            "mangledName": "$ss23CustomStringConvertibleP"
          },
          {
            "kind": "Conformance",
            "name": "CustomDebugStringConvertible",
            "printedName": "CustomDebugStringConvertible",
            "usr": "s:s28CustomDebugStringConvertibleP",
            "mangledName": "$ss28CustomDebugStringConvertibleP"
          },
          {
            "kind": "Conformance",
            "name": "_ExpressibleByColorLiteral",
            "printedName": "_ExpressibleByColorLiteral",
            "usr": "s:s26_ExpressibleByColorLiteralP",
            "mangledName": "$ss26_ExpressibleByColorLiteralP"
          }
        ]
      },
      {
        "kind": "TypeDecl",
        "name": "Color",
        "printedName": "Color",
        "children": [
          {
            "kind": "Constructor",
            "name": "init",
            "printedName": "init(_:)",
            "children": [
              {
                "kind": "TypeNominal",
                "name": "Color",
                "printedName": "SwiftUI.Color",
                "usr": "s:7SwiftUI5ColorV"
              },
              {
                "kind": "TypeNominal",
                "name": "ColorResource",
                "printedName": "IdentiFi.ColorResource",
                "usr": "s:8IdentiFi13ColorResourceV"
              }
            ],
            "declKind": "Constructor",
            "usr": "s:7SwiftUI5ColorV8IdentiFiEyAcD0C8ResourceVcfc",
            "mangledName": "$s7SwiftUI5ColorV8IdentiFiEyAcD0C8ResourceVcfc",
            "moduleName": "IdentiFi",
            "declAttributes": [
              "RawDocComment"
            ],
            "isFromExtension": true,
            "init_kind": "Designated"
          }
        ],
        "declKind": "Struct",
        "usr": "s:7SwiftUI5ColorV",
        "mangledName": "$s7SwiftUI5ColorV",
        "moduleName": "SwiftUICore",
        "intro_Macosx": "10.15",
        "intro_iOS": "13.0",
        "intro_tvOS": "13.0",
        "intro_watchOS": "6.0",
        "declAttributes": [
          "Frozen",
          "OriginallyDefinedIn",
          "OriginallyDefinedIn",
          "OriginallyDefinedIn",
          "OriginallyDefinedIn",
          "Available",
          "Available",
          "Available",
          "Available"
        ],
        "isExternal": true,
        "conformances": [
          {
            "kind": "Conformance",
            "name": "Hashable",
            "printedName": "Hashable",
            "usr": "s:SH",
            "mangledName": "$sSH"
          },
          {
            "kind": "Conformance",
            "name": "CustomStringConvertible",
            "printedName": "CustomStringConvertible",
            "usr": "s:s23CustomStringConvertibleP",
            "mangledName": "$ss23CustomStringConvertibleP"
          },
          {
            "kind": "Conformance",
            "name": "Sendable",
            "printedName": "Sendable",
            "usr": "s:s8SendableP",
            "mangledName": "$ss8SendableP"
          },
          {
            "kind": "Conformance",
            "name": "Equatable",
            "printedName": "Equatable",
            "usr": "s:SQ",
            "mangledName": "$sSQ"
          },
          {
            "kind": "Conformance",
            "name": "Copyable",
            "printedName": "Copyable",
            "usr": "s:s8CopyableP",
            "mangledName": "$ss8CopyableP"
          },
          {
            "kind": "Conformance",
            "name": "Escapable",
            "printedName": "Escapable",
            "usr": "s:s9EscapableP",
            "mangledName": "$ss9EscapableP"
          },
          {
            "kind": "Conformance",
            "name": "ShapeStyle",
            "printedName": "ShapeStyle",
            "children": [
              {
                "kind": "TypeWitness",
                "name": "Resolved",
                "printedName": "Resolved",
                "children": [
                  {
                    "kind": "TypeNominal",
                    "name": "Resolved",
                    "printedName": "SwiftUI.Color.Resolved",
                    "usr": "s:7SwiftUI5ColorV8ResolvedV"
                  }
                ]
              }
            ],
            "usr": "s:7SwiftUI10ShapeStyleP",
            "mangledName": "$s7SwiftUI10ShapeStyleP"
          },
          {
            "kind": "Conformance",
            "name": "View",
            "printedName": "View",
            "children": [
              {
                "kind": "TypeWitness",
                "name": "Body",
                "printedName": "Body",
                "children": [
                  {
                    "kind": "TypeNominal",
                    "name": "Never",
                    "printedName": "Swift.Never",
                    "usr": "s:s5NeverO"
                  }
                ]
              }
            ],
            "usr": "s:7SwiftUI4ViewP",
            "mangledName": "$s7SwiftUI4ViewP"
          },
          {
            "kind": "Conformance",
            "name": "Transferable",
            "printedName": "Transferable",
            "children": [
              {
                "kind": "TypeWitness",
                "name": "Representation",
                "printedName": "Representation",
                "children": [
                  {
                    "kind": "TypeNominal",
                    "name": "OpaqueTypeArchetype",
                    "printedName": "some CoreTransferable.TransferRepresentation",
                    "children": [
                      {
                        "kind": "TypeNominal",
                        "name": "TransferRepresentation",
                        "printedName": "CoreTransferable.TransferRepresentation",
                        "usr": "s:16CoreTransferable22TransferRepresentationP"
                      }
                    ]
                  }
                ]
              }
            ],
            "usr": "s:16CoreTransferable0B0P",
            "mangledName": "$s16CoreTransferable0B0P"
          }
        ]
      },
      {
        "kind": "TypeDecl",
        "name": "UIImage",
        "printedName": "UIImage",
        "children": [
          {
            "kind": "Constructor",
            "name": "init",
            "printedName": "init(resource:)",
            "children": [
              {
                "kind": "TypeNominal",
                "name": "UIImage",
                "printedName": "UIKit.UIImage",
                "usr": "c:objc(cs)UIImage"
              },
              {
                "kind": "TypeNominal",
                "name": "ImageResource",
                "printedName": "IdentiFi.ImageResource",
                "usr": "s:8IdentiFi13ImageResourceV"
              }
            ],
            "declKind": "Constructor",
            "usr": "s:So7UIImageC8IdentiFiE8resourceAbC13ImageResourceV_tcfc",
            "mangledName": "$sSo7UIImageC8IdentiFiE8resourceAbC13ImageResourceV_tcfc",
            "moduleName": "IdentiFi",
            "declAttributes": [
              "Convenience",
              "RawDocComment"
            ],
            "isFromExtension": true,
            "init_kind": "Convenience"
          }
        ],
        "declKind": "Class",
        "usr": "c:objc(cs)UIImage",
        "moduleName": "UIKit",
        "isOpen": true,
        "intro_iOS": "2.0",
        "objc_name": "UIImage",
        "declAttributes": [
          "Available",
          "ObjC",
          "SynthesizedProtocol",
          "NonSendable",
          "Sendable",
          "Dynamic"
        ],
        "superclassUsr": "c:objc(cs)NSObject",
        "isExternal": true,
        "inheritsConvenienceInitializers": true,
        "superclassNames": [
          "ObjectiveC.NSObject"
        ],
        "conformances": [
          {
            "kind": "Conformance",
            "name": "Sendable",
            "printedName": "Sendable",
            "usr": "s:s8SendableP",
            "mangledName": "$ss8SendableP"
          },
          {
            "kind": "Conformance",
            "name": "Copyable",
            "printedName": "Copyable",
            "usr": "s:s8CopyableP",
            "mangledName": "$ss8CopyableP"
          },
          {
            "kind": "Conformance",
            "name": "Escapable",
            "printedName": "Escapable",
            "usr": "s:s9EscapableP",
            "mangledName": "$ss9EscapableP"
          },
          {
            "kind": "Conformance",
            "name": "Equatable",
            "printedName": "Equatable",
            "usr": "s:SQ",
            "mangledName": "$sSQ"
          },
          {
            "kind": "Conformance",
            "name": "Hashable",
            "printedName": "Hashable",
            "usr": "s:SH",
            "mangledName": "$sSH"
          },
          {
            "kind": "Conformance",
            "name": "CVarArg",
            "printedName": "CVarArg",
            "usr": "s:s7CVarArgP",
            "mangledName": "$ss7CVarArgP"
          },
          {
            "kind": "Conformance",
            "name": "_KeyValueCodingAndObservingPublishing",
            "printedName": "_KeyValueCodingAndObservingPublishing",
            "usr": "s:10Foundation37_KeyValueCodingAndObservingPublishingP",
            "mangledName": "$s10Foundation37_KeyValueCodingAndObservingPublishingP"
          },
          {
            "kind": "Conformance",
            "name": "_KeyValueCodingAndObserving",
            "printedName": "_KeyValueCodingAndObserving",
            "usr": "s:10Foundation27_KeyValueCodingAndObservingP",
            "mangledName": "$s10Foundation27_KeyValueCodingAndObservingP"
          },
          {
            "kind": "Conformance",
            "name": "CustomStringConvertible",
            "printedName": "CustomStringConvertible",
            "usr": "s:s23CustomStringConvertibleP",
            "mangledName": "$ss23CustomStringConvertibleP"
          },
          {
            "kind": "Conformance",
            "name": "CustomDebugStringConvertible",
            "printedName": "CustomDebugStringConvertible",
            "usr": "s:s28CustomDebugStringConvertibleP",
            "mangledName": "$ss28CustomDebugStringConvertibleP"
          },
          {
            "kind": "Conformance",
            "name": "_ExpressibleByImageLiteral",
            "printedName": "_ExpressibleByImageLiteral",
            "usr": "s:s26_ExpressibleByImageLiteralP",
            "mangledName": "$ss26_ExpressibleByImageLiteralP"
          }
        ]
      },
      {
        "kind": "TypeDecl",
        "name": "Image",
        "printedName": "Image",
        "children": [
          {
            "kind": "Constructor",
            "name": "init",
            "printedName": "init(_:)",
            "children": [
              {
                "kind": "TypeNominal",
                "name": "Image",
                "printedName": "SwiftUI.Image",
                "usr": "s:7SwiftUI5ImageV"
              },
              {
                "kind": "TypeNominal",
                "name": "ImageResource",
                "printedName": "IdentiFi.ImageResource",
                "usr": "s:8IdentiFi13ImageResourceV"
              }
            ],
            "declKind": "Constructor",
            "usr": "s:7SwiftUI5ImageV8IdentiFiEyAcD0C8ResourceVcfc",
            "mangledName": "$s7SwiftUI5ImageV8IdentiFiEyAcD0C8ResourceVcfc",
            "moduleName": "IdentiFi",
            "declAttributes": [
              "RawDocComment"
            ],
            "isFromExtension": true,
            "init_kind": "Designated"
          }
        ],
        "declKind": "Struct",
        "usr": "s:7SwiftUI5ImageV",
        "mangledName": "$s7SwiftUI5ImageV",
        "moduleName": "SwiftUICore",
        "intro_Macosx": "10.15",
        "intro_iOS": "13.0",
        "intro_tvOS": "13.0",
        "intro_watchOS": "6.0",
        "declAttributes": [
          "Frozen",
          "OriginallyDefinedIn",
          "OriginallyDefinedIn",
          "OriginallyDefinedIn",
          "OriginallyDefinedIn",
          "Available",
          "Available",
          "Available",
          "Available"
        ],
        "isExternal": true,
        "conformances": [
          {
            "kind": "Conformance",
            "name": "Equatable",
            "printedName": "Equatable",
            "usr": "s:SQ",
            "mangledName": "$sSQ"
          },
          {
            "kind": "Conformance",
            "name": "Sendable",
            "printedName": "Sendable",
            "usr": "s:s8SendableP",
            "mangledName": "$ss8SendableP"
          },
          {
            "kind": "Conformance",
            "name": "Copyable",
            "printedName": "Copyable",
            "usr": "s:s8CopyableP",
            "mangledName": "$ss8CopyableP"
          },
          {
            "kind": "Conformance",
            "name": "Escapable",
            "printedName": "Escapable",
            "usr": "s:s9EscapableP",
            "mangledName": "$ss9EscapableP"
          },
          {
            "kind": "Conformance",
            "name": "View",
            "printedName": "View",
            "children": [
              {
                "kind": "TypeWitness",
                "name": "Body",
                "printedName": "Body",
                "children": [
                  {
                    "kind": "TypeNominal",
                    "name": "Never",
                    "printedName": "Swift.Never",
                    "usr": "s:s5NeverO"
                  }
                ]
              }
            ],
            "usr": "s:7SwiftUI4ViewP",
            "mangledName": "$s7SwiftUI4ViewP"
          },
          {
            "kind": "Conformance",
            "name": "Transferable",
            "printedName": "Transferable",
            "children": [
              {
                "kind": "TypeWitness",
                "name": "Representation",
                "printedName": "Representation",
                "children": [
                  {
                    "kind": "TypeNominal",
                    "name": "OpaqueTypeArchetype",
                    "printedName": "some CoreTransferable.TransferRepresentation",
                    "children": [
                      {
                        "kind": "TypeNominal",
                        "name": "TransferRepresentation",
                        "printedName": "CoreTransferable.TransferRepresentation",
                        "usr": "s:16CoreTransferable22TransferRepresentationP"
                      }
                    ]
                  }
                ]
              }
            ],
            "usr": "s:16CoreTransferable0B0P",
            "mangledName": "$s16CoreTransferable0B0P"
          }
        ]
      }
    ],
    "json_format_version": 8
  },
  "ConstValues": []
}